match_year,team_A,team_B,score_A,score_B
2023-2024,Real Madrid,Alaves,1,0
2023-2024,Real Madrid,Villarreal,4,1
2023-2024,Real Madrid,1. FC Union Berlin,3,2
2023-2024,Real Madrid,Real Betis,1,1
2023-2024,Real Madrid,Granada,2,0
2023-2024,Real Madrid,Napoli,4,2
2023-2024,Real Madrid,Cadiz,3,0
2023-2024,Real Madrid,Valencia,5,1
2023-2024,Real Madrid,Braga,3,0
2023-2024,Real Madrid,Rayo Vallecano,0,0
2023-2024,Real Madrid,Barcelona,2,1
2023-2024,Real Madrid,Braga,2,1
2023-2024,Real Madrid,Sevilla,1,1
2023-2024,Real Madrid,Osasuna,4,0
2023-2024,Real Madrid,Napoli,3,2
2023-2024,Real Madrid,Girona,3,0
2023-2024,Real Madrid,Las Palmas,2,0
2023-2024,Real Madrid,Atletico Madrid,1,3
2023-2024,Real Madrid,1. FC Union Berlin,1,0
2023-2024,Real Madrid,Real Sociedad,2,1
2023-2024,Real Madrid,Getafe,2,1
2023-2024,Real Madrid,Celta Vigo,1,0
2023-2024,Real Madrid,Almeria,3,1
2023-2024,Real Madrid,Athletic Bilbao,2,0
2023-2024,Real Madrid,Juventus,1,3
2023-2024,Real Madrid,Barcelona,0,3
2023-2024,Real Madrid,Manchester United,2,0
2023-2024,Real Madrid,AC Milan,3,2
2022-2023,Real Madrid,Athletic Bilbao,1,1
2022-2023,Real Madrid,Sevilla,2,1
2022-2023,Real Madrid,Rayo Vallecano,2,1
2022-2023,Real Madrid,Valencia,0,1
2022-2023,Real Madrid,Manchester City,0,4
2022-2023,Real Madrid,Getafe,1,0
2022-2023,Real Madrid,Manchester City,1,1
2022-2023,Real Madrid,Osasuna,2,1
2022-2023,Real Madrid,Real Sociedad,0,2
2022-2023,Real Madrid,Almeria,4,2
2022-2023,Real Madrid,Girona,2,4
2022-2023,Real Madrid,Celta Vigo,2,0
2022-2023,Real Madrid,Chelsea,2,0
2022-2023,Real Madrid,Cadiz,2,0
2022-2023,Real Madrid,Chelsea,2,0
2022-2023,Real Madrid,Villarreal,2,3
2022-2023,Real Madrid,Barcelona,4,0
2022-2023,Real Madrid,Real Valladolid,6,0
2022-2023,Real Madrid,Barcelona,1,2
2022-2023,Real Madrid,Liverpool,1,0
2022-2023,Real Madrid,Espanyol,3,1
2022-2023,Real Madrid,Real Betis,0,0
2022-2023,Real Madrid,Barcelona,0,1
2022-2023,Real Madrid,Atletico Madrid,1,1
2022-2023,Real Madrid,Liverpool,5,2
2022-2023,Real Madrid,Osasuna,2,0
2022-2023,Real Madrid,Elche,4,0
2022-2023,Real Madrid,Al-Hilal,5,3
2022-2023,Real Madrid,Al Ahly,4,1
2022-2023,Real Madrid,Real Mallorca,0,1
2022-2023,Real Madrid,Valencia,2,0
2022-2023,Real Madrid,Real Sociedad,0,0
2022-2023,Real Madrid,Atletico Madrid,3,1
2022-2023,Real Madrid,Athletic Bilbao,2,0
2022-2023,Real Madrid,Villarreal,3,2
2022-2023,Real Madrid,Barcelona,1,3
2022-2023,Real Madrid,Valencia,1,1
2022-2023,Real Madrid,Villarreal,1,2
2022-2023,Real Madrid,Cacereño,1,0
2022-2023,Real Madrid,Real Valladolid,2,0
2022-2023,Real Madrid,Cadiz,2,1
2022-2023,Real Madrid,Rayo Vallecano,2,3
2022-2023,Real Madrid,Celtic,5,1
2022-2023,Real Madrid,Girona,1,1
2022-2023,Real Madrid,RB Leipzig,2,3
2022-2023,Real Madrid,Sevilla,3,1
2022-2023,Real Madrid,Elche,3,0
2022-2023,Real Madrid,Barcelona,3,1
2022-2023,Real Madrid,Shakhtar Donetsk,1,1
2022-2023,Real Madrid,Getafe,1,0
2022-2023,Real Madrid,Shakhtar Donetsk,2,1
2022-2023,Real Madrid,Osasuna,1,1
2022-2023,Real Madrid,Atletico Madrid,2,1
2022-2023,Real Madrid,RB Leipzig,2,0
2022-2023,Real Madrid,Real Mallorca,4,1
2022-2023,Real Madrid,Celtic,3,0
2022-2023,Real Madrid,Real Betis,2,1
2022-2023,Real Madrid,Espanyol,3,1
2022-2023,Real Madrid,Celta Vigo,4,1
2022-2023,Real Madrid,Almeria,2,1
2022-2023,Real Madrid,Eintracht Frankfurt,2,0
2022-2023,Real Madrid,Juventus,2,0
2022-2023,Real Madrid,Club America,2,2
2022-2023,Real Madrid,Barcelona,0,1
2021-2022,Real Madrid,Liverpool,1,0
2021-2022,Real Madrid,Real Betis,0,0
2021-2022,Real Madrid,Cadiz,1,1
2021-2022,Real Madrid,Levante,6,0
2021-2022,Real Madrid,Atletico Madrid,0,1
2021-2022,Real Madrid,Manchester City,3,1
2021-2022,Real Madrid,Espanyol,4,0
2021-2022,Real Madrid,Manchester City,3,4
2021-2022,Real Madrid,Osasuna,3,1
2021-2022,Real Madrid,Sevilla,3,2
2021-2022,Real Madrid,Chelsea,2,3
2021-2022,Real Madrid,Getafe,2,0
2021-2022,Real Madrid,Chelsea,3,1
2021-2022,Real Madrid,Celta Vigo,2,1
2021-2022,Real Madrid,Barcelona,0,4
2021-2022,Real Madrid,Real Mallorca,3,0
2021-2022,Real Madrid,Paris Saint-Germain,3,1
2021-2022,Real Madrid,Real Sociedad,4,1
2021-2022,Real Madrid,Rayo Vallecano,1,0
2021-2022,Real Madrid,Alaves,3,0
2021-2022,Real Madrid,Paris Saint-Germain,0,1
2021-2022,Real Madrid,Villarreal,0,0
2021-2022,Real Madrid,Granada,1,0
2021-2022,Real Madrid,Athletic Bilbao,0,1
2021-2022,Real Madrid,Elche,2,2
2021-2022,Real Madrid,Elche,2,1
2021-2022,Real Madrid,Barcelona,3,2
2021-2022,Real Madrid,Valencia,4,1
2021-2022,Real Madrid,Alcoyano,3,1
2021-2022,Real Madrid,Getafe,0,1
2021-2022,Real Madrid,Athletic Bilbao,2,1
2021-2022,Real Madrid,Cadiz,0,0
2021-2022,Real Madrid,Atletico Madrid,2,0
2021-2022,Real Madrid,Inter Milan,2,0
2021-2022,Real Madrid,Real Sociedad,2,0
2021-2022,Real Madrid,Athletic Bilbao,1,0
2021-2022,Real Madrid,Sevilla,2,1
2021-2022,Real Madrid,Sheriff Tiraspol (Mol),3,0
2021-2022,Real Madrid,Granada,4,1
2021-2022,Real Madrid,Rayo Vallecano,2,1
2021-2022,Real Madrid,Shakhtar Donetsk,2,1
2021-2022,Real Madrid,Elche,2,1
2021-2022,Real Madrid,Osasuna,0,0
2021-2022,Real Madrid,Barcelona,2,1
2021-2022,Real Madrid,Shakhtar Donetsk,5,0
2021-2022,Real Madrid,Espanyol,1,2
2021-2022,Real Madrid,Sheriff Tiraspol (Mol),1,2
2021-2022,Real Madrid,Villarreal,0,0
2021-2022,Real Madrid,Real Mallorca,6,1
2021-2022,Real Madrid,Valencia,2,1
2021-2022,Real Madrid,Inter Milan,1,0
2021-2022,Real Madrid,Celta Vigo,5,2
2021-2022,Real Madrid,Levante,3,3
2021-2022,Real Madrid,Alaves,4,1
2021-2022,Real Madrid,AC Milan,0,0
2021-2022,Real Madrid,Rangers,1,2
2020-2021,Real Madrid,Villarreal,2,1
2020-2021,Real Madrid,Athletic Bilbao,1,0
2020-2021,Real Madrid,Granada,4,1
2020-2021,Real Madrid,Sevilla,2,2
2020-2021,Real Madrid,Chelsea,0,2
2020-2021,Real Madrid,Osasuna,2,0
2020-2021,Real Madrid,Chelsea,1,1
2020-2021,Real Madrid,Real Betis,0,0
2020-2021,Real Madrid,Cadiz,3,0
2020-2021,Real Madrid,Getafe,0,0
2020-2021,Real Madrid,Liverpool,0,0
2020-2021,Real Madrid,Barcelona,2,1
2020-2021,Real Madrid,Liverpool,3,1
2020-2021,Real Madrid,Eibar,2,0
2020-2021,Real Madrid,Celta Vigo,3,1
2020-2021,Real Madrid,Atalanta,3,1
2020-2021,Real Madrid,Elche,2,1
2020-2021,Real Madrid,Atletico Madrid,1,1
2020-2021,Real Madrid,Real Sociedad,1,1
2020-2021,Real Madrid,Atalanta,1,0
2020-2021,Real Madrid,Real Valladolid,1,0
2020-2021,Real Madrid,Valencia,2,0
2020-2021,Real Madrid,Getafe,2,0
2020-2021,Real Madrid,SD Huesca,2,1
2020-2021,Real Madrid,Levante,1,2
2020-2021,Real Madrid,Alaves,4,1
2020-2021,Real Madrid,Alcoyano,1,2
2020-2021,Real Madrid,Athletic Bilbao,1,2
2020-2021,Real Madrid,Osasuna,0,0
2020-2021,Real Madrid,Celta Vigo,2,0
2020-2021,Real Madrid,Elche,1,1
2020-2021,Real Madrid,Granada,2,0
2020-2021,Real Madrid,Eibar,3,1
2020-2021,Real Madrid,Athletic Bilbao,3,1
2020-2021,Real Madrid,Atletico Madrid,2,0
2020-2021,Real Madrid,M'gladbach,2,0
2020-2021,Real Madrid,Sevilla,1,0
2020-2021,Real Madrid,Shakhtar Donetsk,0,2
2020-2021,Real Madrid,Alaves,1,2
2020-2021,Real Madrid,Inter Milan,2,0
2020-2021,Real Madrid,Villarreal,1,1
2020-2021,Real Madrid,Valencia,1,4
2020-2021,Real Madrid,Inter Milan,3,2
2020-2021,Real Madrid,SD Huesca,4,1
2020-2021,Real Madrid,M'gladbach,2,2
2020-2021,Real Madrid,Barcelona,3,1
2020-2021,Real Madrid,Shakhtar Donetsk,2,3
2020-2021,Real Madrid,Cadiz,0,1
2020-2021,Real Madrid,Levante,2,0
2020-2021,Real Madrid,Real Valladolid,1,0
2020-2021,Real Madrid,Real Betis,3,2
2020-2021,Real Madrid,Real Sociedad,0,0
2019-2020,Real Madrid,Manchester City,1,2
2019-2020,Real Madrid,Leganes,2,2
2019-2020,Real Madrid,Villarreal,2,1
2019-2020,Real Madrid,Granada,2,1
2019-2020,Real Madrid,Alaves,2,0
2019-2020,Real Madrid,Athletic Bilbao,1,0
2019-2020,Real Madrid,Getafe,1,0
2019-2020,Real Madrid,Espanyol,1,0
2019-2020,Real Madrid,Real Mallorca,2,0
2019-2020,Real Madrid,Real Sociedad,2,1
2019-2020,Real Madrid,Valencia,3,0
2019-2020,Real Madrid,Eibar,3,1
2019-2020,Real Madrid,Real Betis,1,2
2019-2020,Real Madrid,Barcelona,2,0
2019-2020,Real Madrid,Manchester City,1,2
2019-2020,Real Madrid,Levante,0,1
2019-2020,Real Madrid,Celta Vigo,2,2
2019-2020,Real Madrid,Osasuna,4,1
2019-2020,Real Madrid,Real Sociedad,3,4
2019-2020,Real Madrid,Atletico Madrid,1,0
2019-2020,Real Madrid,Real Zaragoza,4,0
2019-2020,Real Madrid,Real Valladolid,1,0
2019-2020,Real Madrid,Unionistas,3,1
2019-2020,Real Madrid,Sevilla,2,1
2019-2020,Real Madrid,Valencia,3,1
2019-2020,Real Madrid,Getafe,3,0
2019-2020,Real Madrid,Athletic Bilbao,0,0
2019-2020,Real Madrid,Barcelona,0,0
2019-2020,Real Madrid,Valencia,1,1
2019-2020,Real Madrid,Club Brugge,3,1
2019-2020,Real Madrid,Espanyol,2,0
2019-2020,Real Madrid,Alaves,2,1
2019-2020,Real Madrid,Paris Saint-Germain,2,2
2019-2020,Real Madrid,Real Sociedad,3,1
2019-2020,Real Madrid,Eibar,4,0
2019-2020,Real Madrid,Galatasaray,6,0
2019-2020,Real Madrid,Real Betis,0,0
2019-2020,Real Madrid,Leganes,5,0
2019-2020,Real Madrid,Galatasaray,1,0
2019-2020,Real Madrid,Real Mallorca,0,1
2019-2020,Real Madrid,Granada,4,2
2019-2020,Real Madrid,Club Brugge,2,2
2019-2020,Real Madrid,Atletico Madrid,0,0
2019-2020,Real Madrid,Osasuna,2,0
2019-2020,Real Madrid,Sevilla,1,0
2019-2020,Real Madrid,Paris Saint-Germain,0,3
2019-2020,Real Madrid,Levante,3,2
2019-2020,Real Madrid,Villarreal,2,2
2019-2020,Real Madrid,Real Valladolid,1,1
2019-2020,Real Madrid,Celta Vigo,3,1
2019-2020,Real Madrid,Roma,2,2
2019-2020,Real Madrid,Red Bull Salzburg,1,0
2018-2019,Real Madrid,Real Betis,0,2
2018-2019,Real Madrid,Real Sociedad,1,3
2018-2019,Real Madrid,Villarreal,3,2
2018-2019,Real Madrid,Rayo Vallecano,0,1
2018-2019,Real Madrid,Getafe,0,0
2018-2019,Real Madrid,Athletic Bilbao,3,0
2018-2019,Real Madrid,Leganes,1,1
2018-2019,Real Madrid,Eibar,2,1
2018-2019,Real Madrid,Valencia,1,2
2018-2019,Real Madrid,SD Huesca,3,2
2018-2019,Real Madrid,Celta Vigo,2,0
2018-2019,Real Madrid,Real Valladolid,4,1
2018-2019,Real Madrid,Ajax,1,4
2018-2019,Real Madrid,Barcelona,0,1
2018-2019,Real Madrid,Barcelona,0,3
2018-2019,Real Madrid,Levante,2,1
2018-2019,Real Madrid,Girona,1,2
2018-2019,Real Madrid,Ajax,2,1
2018-2019,Real Madrid,Atletico Madrid,3,1
2018-2019,Real Madrid,Barcelona,1,1
2018-2019,Real Madrid,Alaves,3,0
2018-2019,Real Madrid,Girona,3,1
2018-2019,Real Madrid,Espanyol,4,2
2018-2019,Real Madrid,Girona,4,2
2018-2019,Real Madrid,Sevilla,2,0
2018-2019,Real Madrid,Leganes,0,1
2018-2019,Real Madrid,Real Betis,2,1
2018-2019,Real Madrid,Leganes,3,0
2018-2019,Real Madrid,Real Sociedad,0,2
2018-2019,Real Madrid,Villarreal,2,2
2018-2019,Real Madrid,Al Ain,4,1
2018-2019,Real Madrid,Kashima Antlers,3,1
2018-2019,Real Madrid,Rayo Vallecano,1,0
2018-2019,Real Madrid,CSKA Moscow,0,3
2018-2019,Real Madrid,SD Huesca,1,0
2018-2019,Real Madrid,Melilla,6,1
2018-2019,Real Madrid,Valencia,2,0
2018-2019,Real Madrid,Roma,2,0
2018-2019,Real Madrid,Eibar,0,3
2018-2019,Real Madrid,Celta Vigo,4,2
2018-2019,Real Madrid,FC Viktoria Plzen,5,0
2018-2019,Real Madrid,Real Valladolid,2,0
2018-2019,Real Madrid,Melilla,4,0
2018-2019,Real Madrid,Barcelona,1,5
2018-2019,Real Madrid,FC Viktoria Plzen,2,1
2018-2019,Real Madrid,Levante,1,2
2018-2019,Real Madrid,Alaves,0,1
2018-2019,Real Madrid,CSKA Moscow,0,1
2018-2019,Real Madrid,Atletico Madrid,0,0
2018-2019,Real Madrid,Sevilla,0,3
2018-2019,Real Madrid,Espanyol,1,0
2018-2019,Real Madrid,Roma,3,0
2018-2019,Real Madrid,Athletic Bilbao,1,1
2018-2019,Real Madrid,Leganes,4,1
2018-2019,Real Madrid,Girona,4,1
2018-2019,Real Madrid,Getafe,2,0
2018-2019,Real Madrid,Atletico Madrid,2,4
2018-2019,Real Madrid,AC Milan,3,1
2017-2018,Real Madrid,Liverpool,3,1
2017-2018,Real Madrid,Villarreal,2,2
2017-2018,Real Madrid,Celta Vigo,6,0
2017-2018,Real Madrid,Sevilla,2,3
2017-2018,Real Madrid,Barcelona,2,2
2017-2018,Real Madrid,Bayern Munich,2,2
2017-2018,Real Madrid,Leganes,2,1
2017-2018,Real Madrid,Bayern Munich,2,1
2017-2018,Real Madrid,Athletic Bilbao,1,1
2017-2018,Real Madrid,Malaga,2,1
2017-2018,Real Madrid,Juventus,1,3
2017-2018,Real Madrid,Atletico Madrid,1,1
2017-2018,Real Madrid,Juventus,3,0
2017-2018,Real Madrid,Las Palmas,3,0
2017-2018,Real Madrid,Girona,6,3
2017-2018,Real Madrid,Eibar,2,1
2017-2018,Real Madrid,Paris Saint-Germain,2,1
2017-2018,Real Madrid,Getafe,3,1
2017-2018,Real Madrid,Espanyol,0,1
2017-2018,Real Madrid,Alaves,4,0
2017-2018,Real Madrid,Leganes,3,1
2017-2018,Real Madrid,Real Betis,5,3
2017-2018,Real Madrid,Paris Saint-Germain,3,1
2017-2018,Real Madrid,Real Sociedad,5,2
2017-2018,Real Madrid,Levante,2,2
2017-2018,Real Madrid,Valencia,4,1
2017-2018,Real Madrid,Leganes,1,2
2017-2018,Real Madrid,Deportivo La Coruna,7,1
2017-2018,Real Madrid,Leganes,1,0
2017-2018,Real Madrid,Villarreal,0,1
2017-2018,Real Madrid,Numancia,2,2
2017-2018,Real Madrid,Celta Vigo,2,2
2017-2018,Real Madrid,Numancia,3,0
2017-2018,Real Madrid,Barcelona,0,3
2017-2018,Real Madrid,Grêmio,1,0
2017-2018,Real Madrid,Al Jazira,2,1
2017-2018,Real Madrid,Sevilla,5,0
2017-2018,Real Madrid,Borussia Dortmund,3,2
2017-2018,Real Madrid,Athletic Bilbao,0,0
2017-2018,Real Madrid,Fuenlabrada,2,2
2017-2018,Real Madrid,Malaga,3,2
2017-2018,Real Madrid,Apoel Nicosia,6,0
2017-2018,Real Madrid,Atletico Madrid,0,0
2017-2018,Real Madrid,Las Palmas,3,0
2017-2018,Real Madrid,Tottenham Hotspur,1,3
2017-2018,Real Madrid,Girona,1,2
2017-2018,Real Madrid,Fuenlabrada,2,0
2017-2018,Real Madrid,Eibar,3,0
2017-2018,Real Madrid,Tottenham Hotspur,1,1
2017-2018,Real Madrid,Getafe,2,1
2017-2018,Real Madrid,Espanyol,2,0
2017-2018,Real Madrid,Borussia Dortmund,3,1
2017-2018,Real Madrid,Alaves,2,1
2017-2018,Real Madrid,Real Betis,0,1
2017-2018,Real Madrid,Real Sociedad,3,1
2017-2018,Real Madrid,Apoel Nicosia,3,0
2017-2018,Real Madrid,Levante,1,1
2017-2018,Real Madrid,Valencia,2,2
2017-2018,Real Madrid,Fiorentina,2,1
2017-2018,Real Madrid,Deportivo La Coruna,3,0
2017-2018,Real Madrid,Barcelona,2,0
2017-2018,Real Madrid,Barcelona,3,1
2017-2018,Real Madrid,Manchester United,2,1
2016-2017,Real Madrid,Juventus,4,1
2016-2017,Real Madrid,Malaga,2,0
2016-2017,Real Madrid,Celta Vigo,4,1
2016-2017,Real Madrid,Sevilla,4,1
2016-2017,Real Madrid,Atletico Madrid,1,2
2016-2017,Real Madrid,Granada,4,0
2016-2017,Real Madrid,Atletico Madrid,3,0
2016-2017,Real Madrid,Valencia,2,1
2016-2017,Real Madrid,Deportivo La Coruna,6,2
2016-2017,Real Madrid,Barcelona,2,3
2016-2017,Real Madrid,Bayern Munich,4,2
2016-2017,Real Madrid,Sporting Gijon,3,2
2016-2017,Real Madrid,Bayern Munich,2,1
2016-2017,Real Madrid,Atletico Madrid,1,1
2016-2017,Real Madrid,Leganes,4,2
2016-2017,Real Madrid,Alaves,3,0
2016-2017,Real Madrid,Athletic Bilbao,2,1
2016-2017,Real Madrid,Real Betis,2,1
2016-2017,Real Madrid,Napoli,3,1
2016-2017,Real Madrid,Eibar,4,1
2016-2017,Real Madrid,Las Palmas,3,3
2016-2017,Real Madrid,Villarreal,3,2
2016-2017,Real Madrid,Valencia,1,2
2016-2017,Real Madrid,Espanyol,2,0
2016-2017,Real Madrid,Napoli,3,1
2016-2017,Real Madrid,Osasuna,3,1
2016-2017,Real Madrid,Real Sociedad,3,0
2016-2017,Real Madrid,Celta Vigo,2,2
2016-2017,Real Madrid,Malaga,2,1
2016-2017,Real Madrid,Celta Vigo,1,2
2016-2017,Real Madrid,Sevilla,1,2
2016-2017,Real Madrid,Sevilla,3,3
2016-2017,Real Madrid,Granada,5,0
2016-2017,Real Madrid,Sevilla,3,0
2016-2017,Real Madrid,Deportivo La Coruna,3,2
2016-2017,Real Madrid,Borussia Dortmund,2,2
2016-2017,Real Madrid,Barcelona,1,1
2016-2017,Real Madrid,Cultural Leonesa,6,1
2016-2017,Real Madrid,Sporting Gijon,2,1
2016-2017,Real Madrid,Sporting Lisbon,2,1
2016-2017,Real Madrid,Atletico Madrid,3,0
2016-2017,Real Madrid,Leganes,3,0
2016-2017,Real Madrid,Legia Warsaw,3,3
2016-2017,Real Madrid,Alaves,4,1
2016-2017,Real Madrid,Cultural Leonesa,7,1
2016-2017,Real Madrid,Athletic Bilbao,2,1
2016-2017,Real Madrid,Legia Warsaw,5,1
2016-2017,Real Madrid,Real Betis,6,1
2016-2017,Real Madrid,Eibar,1,1
2016-2017,Real Madrid,Borussia Dortmund,2,2
2016-2017,Real Madrid,Las Palmas,2,2
2016-2017,Real Madrid,Villarreal,1,1
2016-2017,Real Madrid,Espanyol,2,0
2016-2017,Real Madrid,Sporting Lisbon,2,1
2016-2017,Real Madrid,Osasuna,5,2
2016-2017,Real Madrid,Celta Vigo,2,1
2016-2017,Real Madrid,Real Sociedad,3,0
2016-2017,Real Madrid,Reims,5,3
2016-2017,Real Madrid,Sevilla,3,2
2015-2016,Real Madrid,Atletico Madrid,1,1
2015-2016,Real Madrid,Deportivo La Coruna,2,0
2015-2016,Real Madrid,Valencia,3,2
2015-2016,Real Madrid,Manchester City,1,0
2015-2016,Real Madrid,Real Sociedad,1,0
2015-2016,Real Madrid,Manchester City,0,0
2015-2016,Real Madrid,Rayo Vallecano,3,2
2015-2016,Real Madrid,Villarreal,3,0
2015-2016,Real Madrid,Getafe,5,1
2015-2016,Real Madrid,Wolfsburg,3,0
2015-2016,Real Madrid,Eibar,4,0
2015-2016,Real Madrid,Wolfsburg,0,2
2015-2016,Real Madrid,Barcelona,2,1
2015-2016,Real Madrid,Sevilla,4,0
2015-2016,Real Madrid,Las Palmas,2,1
2015-2016,Real Madrid,Roma,2,0
2015-2016,Real Madrid,Celta Vigo,7,1
2015-2016,Real Madrid,Levante,3,1
2015-2016,Real Madrid,Atletico Madrid,0,1
2015-2016,Real Madrid,Malaga,1,1
2015-2016,Real Madrid,Roma,2,0
2015-2016,Real Madrid,Athletic Bilbao,4,2
2015-2016,Real Madrid,Granada,2,1
2015-2016,Real Madrid,Espanyol,6,0
2015-2016,Real Madrid,Real Betis,1,1
2015-2016,Real Madrid,Sporting Gijon,5,1
2015-2016,Real Madrid,Deportivo La Coruna,5,0
2015-2016,Real Madrid,Valencia,2,2
2015-2016,Real Madrid,Real Sociedad,3,1
2015-2016,Real Madrid,Rayo Vallecano,10,2
2015-2016,Real Madrid,Villarreal,0,1
2015-2016,Real Madrid,Malmo FF,8,0
2015-2016,Real Madrid,Getafe,4,1
2015-2016,Real Madrid,Cadiz,3,1
2015-2016,Real Madrid,Eibar,2,0
2015-2016,Real Madrid,Shakhtar Donetsk,4,3
2015-2016,Real Madrid,Barcelona,0,4
2015-2016,Real Madrid,Sevilla,2,3
2015-2016,Real Madrid,Paris Saint-Germain,1,0
2015-2016,Real Madrid,Las Palmas,3,1
2015-2016,Real Madrid,Celta Vigo,3,1
2015-2016,Real Madrid,Paris Saint-Germain,0,0
2015-2016,Real Madrid,Levante,3,0
2015-2016,Real Madrid,Atletico Madrid,1,1
2015-2016,Real Madrid,Malmo FF,2,0
2015-2016,Real Madrid,Malaga,0,0
2015-2016,Real Madrid,Athletic Bilbao,2,1
2015-2016,Real Madrid,Granada,1,0
2015-2016,Real Madrid,Shakhtar Donetsk,4,0
2015-2016,Real Madrid,Espanyol,6,0
2015-2016,Real Madrid,Real Betis,5,0
2015-2016,Real Madrid,Sporting Gijon,0,0
2015-2016,Real Madrid,Galatasaray,2,1
2015-2016,Real Madrid,Valerenga,0,0
2014-2015,Real Madrid,Getafe,7,3
2014-2015,Real Madrid,Espanyol,4,1
2014-2015,Real Madrid,Juventus,1,1
2014-2015,Real Madrid,Valencia,2,2
2014-2015,Real Madrid,Juventus,1,2
2014-2015,Real Madrid,Sevilla,3,2
2014-2015,Real Madrid,Almeria,3,0
2014-2015,Real Madrid,Celta Vigo,4,2
2014-2015,Real Madrid,Atletico Madrid,1,0
2014-2015,Real Madrid,Malaga,3,1
2014-2015,Real Madrid,Atletico Madrid,0,0
2014-2015,Real Madrid,Eibar,3,0
2014-2015,Real Madrid,Rayo Vallecano,2,0
2014-2015,Real Madrid,Granada,9,1
2014-2015,Real Madrid,Barcelona,1,2
2014-2015,Real Madrid,Levante,2,0
2014-2015,Real Madrid,Schalke,3,4
2014-2015,Real Madrid,Athletic Bilbao,0,1
2014-2015,Real Madrid,Villarreal,1,1
2014-2015,Real Madrid,Elche,2,0
2014-2015,Real Madrid,Schalke,2,0
2014-2015,Real Madrid,Deportivo La Coruna,2,0
2014-2015,Real Madrid,Atletico Madrid,0,4
2014-2015,Real Madrid,Sevilla,2,1
2014-2015,Real Madrid,Real Sociedad,4,1
2014-2015,Real Madrid,Cordoba,2,1
2014-2015,Real Madrid,Getafe,3,0
2014-2015,Real Madrid,Atletico Madrid,2,2
2014-2015,Real Madrid,Espanyol,3,0
2014-2015,Real Madrid,Atletico Madrid,0,2
2014-2015,Real Madrid,Valencia,1,2
2014-2015,Real Madrid,San Lorenzo,2,0
2014-2015,Real Madrid,Cruz Azul,4,0
2014-2015,Real Madrid,Almeria,4,1
2014-2015,Real Madrid,Ludogorets,4,0
2014-2015,Real Madrid,Celta Vigo,3,0
2014-2015,Real Madrid,UD Cornella,5,0
2014-2015,Real Madrid,Malaga,2,1
2014-2015,Real Madrid,Basel,1,0
2014-2015,Real Madrid,Eibar,4,0
2014-2015,Real Madrid,Rayo Vallecano,5,1
2014-2015,Real Madrid,Liverpool,1,0
2014-2015,Real Madrid,Granada,4,0
2014-2015,Real Madrid,UD Cornella,4,1
2014-2015,Real Madrid,Barcelona,3,1
2014-2015,Real Madrid,Liverpool,3,0
2014-2015,Real Madrid,Levante,5,0
2014-2015,Real Madrid,Athletic Bilbao,5,0
2014-2015,Real Madrid,Ludogorets,2,1
2014-2015,Real Madrid,Villarreal,2,0
2014-2015,Real Madrid,Elche,5,1
2014-2015,Real Madrid,Deportivo La Coruna,8,2
2014-2015,Real Madrid,Basel,5,1
2014-2015,Real Madrid,Atletico Madrid,1,2
2014-2015,Real Madrid,Real Sociedad,2,4
2014-2015,Real Madrid,Cordoba,2,0
2014-2015,Real Madrid,Atletico Madrid,0,1
2014-2015,Real Madrid,Atletico Madrid,1,1
2014-2015,Real Madrid,Sevilla,2,0
2014-2015,Real Madrid,Manchester United,1,3
2014-2015,Real Madrid,Roma,0,1
2014-2015,Real Madrid,Inter Milan,1,1
2013-2014,Real Madrid,Atletico Madrid,4,1
2013-2014,Real Madrid,Espanyol,3,1
2013-2014,Real Madrid,Celta Vigo,0,2
2013-2014,Real Madrid,Real Valladolid,1,1
2013-2014,Real Madrid,Valencia,2,2
2013-2014,Real Madrid,Bayern Munich,4,0
2013-2014,Real Madrid,Osasuna,4,0
2013-2014,Real Madrid,Bayern Munich,1,0
2013-2014,Real Madrid,Barcelona,2,1
2013-2014,Real Madrid,Almeria,4,0
2013-2014,Real Madrid,Borussia Dortmund,0,2
2013-2014,Real Madrid,Real Sociedad,4,0
2013-2014,Real Madrid,Borussia Dortmund,3,0
2013-2014,Real Madrid,Rayo Vallecano,5,0
2013-2014,Real Madrid,Sevilla,1,2
2013-2014,Real Madrid,Barcelona,3,4
2013-2014,Real Madrid,Schalke,3,1
2013-2014,Real Madrid,Malaga,1,0
2013-2014,Real Madrid,Levante,3,0
2013-2014,Real Madrid,Atletico Madrid,2,2
2013-2014,Real Madrid,Schalke,6,1
2013-2014,Real Madrid,Elche,3,0
2013-2014,Real Madrid,Getafe,3,0
2013-2014,Real Madrid,Atletico Madrid,2,0
2013-2014,Real Madrid,Villarreal,4,2
2013-2014,Real Madrid,Atletico Madrid,3,0
2013-2014,Real Madrid,Athletic Bilbao,1,1
2013-2014,Real Madrid,Espanyol,1,0
2013-2014,Real Madrid,Granada,2,0
2013-2014,Real Madrid,Espanyol,1,0
2013-2014,Real Madrid,Real Betis,5,0
2013-2014,Real Madrid,Osasuna,2,0
2013-2014,Real Madrid,Espanyol,1,0
2013-2014,Real Madrid,Osasuna,2,0
2013-2014,Real Madrid,Celta Vigo,3,0
2013-2014,Real Madrid,Paris Saint-Germain,1,0
2013-2014,Real Madrid,Valencia,3,2
2013-2014,Real Madrid,Olimpic,2,0
2013-2014,Real Madrid,Osasuna,2,2
2013-2014,Real Madrid,FC Copenhagen,2,0
2013-2014,Real Madrid,Olimpic,0,0
2013-2014,Real Madrid,Real Valladolid,4,0
2013-2014,Real Madrid,Galatasaray,4,1
2013-2014,Real Madrid,Almeria,5,0
2013-2014,Real Madrid,Real Sociedad,5,1
2013-2014,Real Madrid,Juventus,2,2
2013-2014,Real Madrid,Rayo Vallecano,3,2
2013-2014,Real Madrid,Sevilla,7,3
2013-2014,Real Madrid,Barcelona,1,2
2013-2014,Real Madrid,Juventus,2,1
2013-2014,Real Madrid,Malaga,2,0
2013-2014,Real Madrid,Levante,3,2
2013-2014,Real Madrid,FC Copenhagen,4,0
2013-2014,Real Madrid,Atletico Madrid,0,1
2013-2014,Real Madrid,Elche,2,1
2013-2014,Real Madrid,Getafe,4,1
2013-2014,Real Madrid,Galatasaray,6,1
2013-2014,Real Madrid,Villarreal,2,2
2013-2014,Real Madrid,Athletic Bilbao,3,1
2013-2014,Real Madrid,Granada,1,0
2013-2014,Real Madrid,Real Betis,2,1
2013-2014,Real Madrid,Chelsea,3,1
2013-2014,Real Madrid,Everton,2,1
2013-2014,Real Madrid,Bournemouth,6,0
2012-2013,Real Madrid,Osasuna,4,2
2012-2013,Real Madrid,Real Sociedad,3,3
2012-2013,Real Madrid,Atletico Madrid,1,2
2012-2013,Real Madrid,Espanyol,1,1
2012-2013,Real Madrid,Malaga,6,2
2012-2013,Real Madrid,Real Valladolid,4,3
2012-2013,Real Madrid,Borussia Dortmund,2,0
2012-2013,Real Madrid,Atletico Madrid,2,1
2012-2013,Real Madrid,Borussia Dortmund,1,4
2012-2013,Real Madrid,Real Betis,3,1
2012-2013,Real Madrid,Athletic Bilbao,3,0
2012-2013,Real Madrid,Galatasaray,2,3
2012-2013,Real Madrid,Levante,5,1
2012-2013,Real Madrid,Galatasaray,3,0
2012-2013,Real Madrid,Real Zaragoza,1,1
2012-2013,Real Madrid,Real Mallorca,5,2
2012-2013,Real Madrid,Celta Vigo,2,1
2012-2013,Real Madrid,Manchester United,2,1
2012-2013,Real Madrid,Barcelona,2,1
2012-2013,Real Madrid,Barcelona,3,1
2012-2013,Real Madrid,Deportivo La Coruna,2,1
2012-2013,Real Madrid,Rayo Vallecano,2,0
2012-2013,Real Madrid,Manchester United,1,1
2012-2013,Real Madrid,Sevilla,4,1
2012-2013,Real Madrid,Granada,0,1
2012-2013,Real Madrid,Barcelona,1,1
2012-2013,Real Madrid,Getafe,4,0
2012-2013,Real Madrid,Valencia,1,1
2012-2013,Real Madrid,Valencia,5,0
2012-2013,Real Madrid,Valencia,2,0
2012-2013,Real Madrid,Osasuna,0,0
2012-2013,Real Madrid,Celta Vigo,4,0
2012-2013,Real Madrid,Real Sociedad,4,3
2012-2013,Real Madrid,Malaga,2,3
2012-2013,Real Madrid,Espanyol,2,2
2012-2013,Real Madrid,Celta Vigo,1,2
2012-2013,Real Madrid,Real Valladolid,3,2
2012-2013,Real Madrid,Ajax,4,1
2012-2013,Real Madrid,Atletico Madrid,2,0
2012-2013,Real Madrid,Alcoyano,3,0
2012-2013,Real Madrid,Real Betis,0,1
2012-2013,Real Madrid,Manchester City,1,1
2012-2013,Real Madrid,Athletic Bilbao,5,1
2012-2013,Real Madrid,Levante,2,1
2012-2013,Real Madrid,Borussia Dortmund,2,2
2012-2013,Real Madrid,Real Zaragoza,4,0
2012-2013,Real Madrid,Alcoyano,4,1
2012-2013,Real Madrid,Real Mallorca,5,0
2012-2013,Real Madrid,Borussia Dortmund,1,2
2012-2013,Real Madrid,Celta Vigo,2,0
2012-2013,Real Madrid,Barcelona,2,2
2012-2013,Real Madrid,Ajax,4,1
2012-2013,Real Madrid,Deportivo La Coruna,5,1
2012-2013,Real Madrid,Rayo Vallecano,2,0
2012-2013,Real Madrid,Manchester City,3,2
2012-2013,Real Madrid,Sevilla,0,1
2012-2013,Real Madrid,Granada,3,0
2012-2013,Real Madrid,Getafe,1,2
2012-2013,Real Madrid,Valencia,1,1
2012-2013,Real Madrid,Celtic,2,0
2012-2013,Real Madrid,Benfica,2,5
2011-2012,Real Madrid,Real Mallorca,4,1
2011-2012,Real Madrid,Granada,2,1
2011-2012,Real Madrid,Athletic Bilbao,3,0
2011-2012,Real Madrid,Sevilla,3,0
2011-2012,Real Madrid,Bayern Munich,2,1
2011-2012,Real Madrid,Barcelona,2,1
2011-2012,Real Madrid,Bayern Munich,1,2
2011-2012,Real Madrid,Sporting Gijon,3,1
2011-2012,Real Madrid,Atletico Madrid,4,1
2011-2012,Real Madrid,Valencia,0,0
2011-2012,Real Madrid,Apoel Nicosia,5,2
2011-2012,Real Madrid,Osasuna,5,1
2011-2012,Real Madrid,Apoel Nicosia,3,0
2011-2012,Real Madrid,Real Sociedad,5,1
2011-2012,Real Madrid,Villarreal,1,1
2011-2012,Real Madrid,Malaga,1,1
2011-2012,Real Madrid,CSKA Moscow,4,1
2011-2012,Real Madrid,Real Betis,3,2
2011-2012,Real Madrid,Espanyol,5,0
2011-2012,Real Madrid,Rayo Vallecano,1,0
2011-2012,Real Madrid,CSKA Moscow,1,1
2011-2012,Real Madrid,Racing Santander,4,0
2011-2012,Real Madrid,Levante,4,2
2011-2012,Real Madrid,Getafe,1,0
2011-2012,Real Madrid,Real Zaragoza,3,1
2011-2012,Real Madrid,Barcelona,2,2
2011-2012,Real Madrid,Athletic Bilbao,4,1
2011-2012,Real Madrid,Barcelona,1,2
2011-2012,Real Madrid,Real Mallorca,2,1
2011-2012,Real Madrid,Malaga,1,0
2011-2012,Real Madrid,Granada,5,1
2011-2012,Real Madrid,Malaga,3,2
2011-2012,Real Madrid,Ponferradina,5,1
2011-2012,Real Madrid,Sevilla,6,2
2011-2012,Real Madrid,Ponferradina,2,0
2011-2012,Real Madrid,Barcelona,1,3
2011-2012,Real Madrid,Ajax,3,0
2011-2012,Real Madrid,Sporting Gijon,3,0
2011-2012,Real Madrid,Atletico Madrid,4,1
2011-2012,Real Madrid,Dinamo Zagreb,6,2
2011-2012,Real Madrid,Valencia,3,2
2011-2012,Real Madrid,Osasuna,7,1
2011-2012,Real Madrid,Lyon,2,0
2011-2012,Real Madrid,Real Sociedad,1,0
2011-2012,Real Madrid,Villarreal,3,0
2011-2012,Real Madrid,Malaga,4,0
2011-2012,Real Madrid,Lyon,4,0
2011-2012,Real Madrid,Real Betis,4,1
2011-2012,Real Madrid,Espanyol,4,0
2011-2012,Real Madrid,Ajax,3,0
2011-2012,Real Madrid,Rayo Vallecano,6,2
2011-2012,Real Madrid,Racing Santander,0,0
2011-2012,Real Madrid,Levante,0,1
2011-2012,Real Madrid,Dinamo Zagreb,1,0
2011-2012,Real Madrid,Getafe,4,2
2011-2012,Real Madrid,Real Zaragoza,6,0
2011-2012,Real Madrid,Barcelona,2,3
2011-2012,Real Madrid,Barcelona,2,2
2011-2012,Real Madrid,Leicester City,2,1
2010-2011,Real Madrid,Almeria,8,1
2010-2011,Real Madrid,Villarreal,3,1
2010-2011,Real Madrid,Getafe,4,0
2010-2011,Real Madrid,Sevilla,6,2
2010-2011,Real Madrid,Barcelona,1,1
2010-2011,Real Madrid,Real Zaragoza,2,3
2010-2011,Real Madrid,Barcelona,0,2
2010-2011,Real Madrid,Valencia,6,3
2010-2011,Real Madrid,Barcelona,1,0
2010-2011,Real Madrid,Barcelona,1,1
2010-2011,Real Madrid,Tottenham Hotspur,1,0
2010-2011,Real Madrid,Athletic Bilbao,3,0
2010-2011,Real Madrid,Tottenham Hotspur,4,0
2010-2011,Real Madrid,Sporting Gijon,0,1
2010-2011,Real Madrid,Atletico Madrid,2,1
2010-2011,Real Madrid,Lyon,3,0
2010-2011,Real Madrid,Hercules,2,0
2010-2011,Real Madrid,Racing Santander,3,1
2010-2011,Real Madrid,Malaga,7,0
2010-2011,Real Madrid,Deportivo La Coruna,0,0
2010-2011,Real Madrid,Lyon,1,1
2010-2011,Real Madrid,Levante,2,0
2010-2011,Real Madrid,Espanyol,1,0
2010-2011,Real Madrid,Real Sociedad,4,1
2010-2011,Real Madrid,Sevilla,2,0
2010-2011,Real Madrid,Osasuna,0,1
2010-2011,Real Madrid,Sevilla,1,0
2010-2011,Real Madrid,Real Mallorca,1,0
2010-2011,Real Madrid,Atletico Madrid,1,0
2010-2011,Real Madrid,Almeria,1,1
2010-2011,Real Madrid,Atletico Madrid,3,1
2010-2011,Real Madrid,Villarreal,4,2
2010-2011,Real Madrid,Levante,0,2
2010-2011,Real Madrid,Getafe,3,2
2010-2011,Real Madrid,Levante,8,0
2010-2011,Real Madrid,Sevilla,1,0
2010-2011,Real Madrid,Real Zaragoza,3,1
2010-2011,Real Madrid,Auxerre,4,0
2010-2011,Real Madrid,Valencia,2,0
2010-2011,Real Madrid,Barcelona,0,5
2010-2011,Real Madrid,Ajax,4,0
2010-2011,Real Madrid,Athletic Bilbao,5,1
2010-2011,Real Madrid,Sporting Gijon,1,0
2010-2011,Real Madrid,Murcia,5,1
2010-2011,Real Madrid,Atletico Madrid,2,0
2010-2011,Real Madrid,AC Milan,2,2
2010-2011,Real Madrid,Hercules,3,1
2010-2011,Real Madrid,Murcia,0,0
2010-2011,Real Madrid,Racing Santander,6,1
2010-2011,Real Madrid,AC Milan,2,0
2010-2011,Real Madrid,Malaga,4,1
2010-2011,Real Madrid,Deportivo La Coruna,6,1
2010-2011,Real Madrid,Auxerre,1,0
2010-2011,Real Madrid,Levante,0,0
2010-2011,Real Madrid,Espanyol,3,0
2010-2011,Real Madrid,Real Sociedad,2,1
2010-2011,Real Madrid,Ajax,2,0
2010-2011,Real Madrid,Osasuna,1,0
2010-2011,Real Madrid,Real Mallorca,0,0
2010-2011,Real Madrid,Penarol (Uruguay),2,0
2010-2011,Real Madrid,Hercules,3,1
2010-2011,Real Madrid,Standard Liege,1,1
2009-2010,Real Madrid,Malaga,1,1
2009-2010,Real Madrid,Athletic Bilbao,5,1
2009-2010,Real Madrid,Real Mallorca,4,1
2009-2010,Real Madrid,Osasuna,3,2
2009-2010,Real Madrid,Real Zaragoza,2,1
2009-2010,Real Madrid,Valencia,2,0
2009-2010,Real Madrid,Almeria,2,1
2009-2010,Real Madrid,Barcelona,0,2
2009-2010,Real Madrid,Racing Santander,2,0
2009-2010,Real Madrid,Atletico Madrid,3,2
2009-2010,Real Madrid,Getafe,4,2
2009-2010,Real Madrid,Sporting Gijon,3,1
2009-2010,Real Madrid,Real Valladolid,4,1
2009-2010,Real Madrid,Lyon,1,1
2009-2010,Real Madrid,Sevilla,3,2
2009-2010,Real Madrid,Tenerife,5,1
2009-2010,Real Madrid,Villarreal,6,2
2009-2010,Real Madrid,Lyon,0,1
2009-2010,Real Madrid,Xerez,3,0
2009-2010,Real Madrid,Espanyol,3,0
2009-2010,Real Madrid,Deportivo La Coruna,3,1
2009-2010,Real Madrid,Malaga,2,0
2009-2010,Real Madrid,Athletic Bilbao,0,1
2009-2010,Real Madrid,Real Mallorca,2,0
2009-2010,Real Madrid,Osasuna,0,0
2009-2010,Real Madrid,Real Zaragoza,6,0
2009-2010,Real Madrid,Valencia,3,2
2009-2010,Real Madrid,Marseille,3,1
2009-2010,Real Madrid,Almeria,4,2
2009-2010,Real Madrid,Barcelona,0,1
2009-2010,Real Madrid,FC Zurich,1,0
2009-2010,Real Madrid,Racing Santander,1,0
2009-2010,Real Madrid,Alcorcon,1,0
2009-2010,Real Madrid,Atletico Madrid,3,2
2009-2010,Real Madrid,AC Milan,1,1
2009-2010,Real Madrid,Getafe,2,0
2009-2010,Real Madrid,Alcorcon,0,4
2009-2010,Real Madrid,Sporting Gijon,0,0
2009-2010,Real Madrid,AC Milan,2,3
2009-2010,Real Madrid,Real Valladolid,4,2
2009-2010,Real Madrid,Sevilla,1,2
2009-2010,Real Madrid,Marseille,3,0
2009-2010,Real Madrid,Tenerife,3,0
2009-2010,Real Madrid,Villarreal,2,0
2009-2010,Real Madrid,Xerez,5,0
2009-2010,Real Madrid,FC Zurich,5,2
2009-2010,Real Madrid,Espanyol,3,0
2009-2010,Real Madrid,Deportivo La Coruna,3,2
2009-2010,Real Madrid,Juventus,1,2
2009-2010,Real Madrid,Liga Deportiva,4,2
2009-2010,Real Madrid,Al Ittihad,1,1
2009-2010,Real Madrid,Shamrock Rovers,1,0
2008-2009,Real Madrid,Osasuna,1,2
2008-2009,Real Madrid,Real Mallorca,1,3
2008-2009,Real Madrid,Villarreal,2,3
2008-2009,Real Madrid,Valencia,0,3
2008-2009,Real Madrid,Barcelona,2,6
2008-2009,Real Madrid,Sevilla,4,2
2008-2009,Real Madrid,Getafe,3,2
2008-2009,Real Madrid,Recreativo Huelva,1,0
2008-2009,Real Madrid,Real Valladolid,2,0
2008-2009,Real Madrid,Malaga,1,0
2008-2009,Real Madrid,Almeria,3,0
2008-2009,Real Madrid,Athletic Bilbao,5,2
2008-2009,Real Madrid,Liverpool,0,4
2008-2009,Real Madrid,Atletico Madrid,1,1
2008-2009,Real Madrid,Espanyol,2,0
2008-2009,Real Madrid,Liverpool,0,1
2008-2009,Real Madrid,Real Betis,6,1
2008-2009,Real Madrid,Sporting Gijon,4,0
2008-2009,Real Madrid,Racing Santander,1,0
2008-2009,Real Madrid,Numancia,2,0
2008-2009,Real Madrid,Deportivo La Coruna,1,0
2008-2009,Real Madrid,Osasuna,3,1
2008-2009,Real Madrid,Real Mallorca,3,0
2008-2009,Real Madrid,Villarreal,1,0
2008-2009,Real Madrid,Valencia,1,0
2008-2009,Real Madrid,Barcelona,0,2
2008-2009,Real Madrid,Zenit St. Petersburg,3,0
2008-2009,Real Madrid,Sevilla,3,4
2008-2009,Real Madrid,Getafe,1,3
2008-2009,Real Madrid,BATE Borisov,1,0
2008-2009,Real Madrid,Recreativo Huelva,1,0
2008-2009,Real Madrid,Real Valladolid,0,1
2008-2009,Real Madrid,Real Union Irun,4,3
2008-2009,Real Madrid,Malaga,4,3
2008-2009,Real Madrid,Juventus,0,2
2008-2009,Real Madrid,Almeria,1,1
2008-2009,Real Madrid,Real Union Irun,2,3
2008-2009,Real Madrid,Athletic Bilbao,3,2
2008-2009,Real Madrid,Juventus,1,2
2008-2009,Real Madrid,Atletico Madrid,2,1
2008-2009,Real Madrid,Espanyol,2,2
2008-2009,Real Madrid,Zenit St. Petersburg,2,1
2008-2009,Real Madrid,Real Betis,2,1
2008-2009,Real Madrid,Sporting Gijon,7,1
2008-2009,Real Madrid,Racing Santander,2,0
2008-2009,Real Madrid,BATE Borisov,2,0
2008-2009,Real Madrid,Numancia,4,3
2008-2009,Real Madrid,Deportivo La Coruna,1,2
2008-2009,Real Madrid,Sporting Lisbon,5,3
2008-2009,Real Madrid,Eintracht Frankfurt,1,1
2008-2009,Real Madrid,Arsenal,0,1
2008-2009,Real Madrid,Hamburg,2,1
2008-2009,Real Madrid,LASK,3,2
2007-2008,Real Madrid,Levante,5,2
2007-2008,Real Madrid,Real Zaragoza,2,2
2007-2008,Real Madrid,Barcelona,4,1
2007-2008,Real Madrid,Osasuna,2,1
2007-2008,Real Madrid,Athletic Bilbao,3,0
2007-2008,Real Madrid,Racing Santander,2,0
2007-2008,Real Madrid,Murcia,1,0
2007-2008,Real Madrid,Real Mallorca,1,1
2007-2008,Real Madrid,Sevilla,3,1
2007-2008,Real Madrid,Valencia,2,3
2007-2008,Real Madrid,Deportivo La Coruna,0,1
2007-2008,Real Madrid,Espanyol,2,1
2007-2008,Real Madrid,Roma,1,2
2007-2008,Real Madrid,Recreativo Huelva,3,2
2007-2008,Real Madrid,Getafe,0,1
2007-2008,Real Madrid,Roma,1,2
2007-2008,Real Madrid,Real Betis,1,2
2007-2008,Real Madrid,Real Valladolid,7,0
2007-2008,Real Madrid,Almeria,0,2
2007-2008,Real Madrid,Villarreal,3,2
2007-2008,Real Madrid,Atletico Madrid,2,0
2007-2008,Real Madrid,Real Mallorca,0,1
2007-2008,Real Madrid,Levante,2,0
2007-2008,Real Madrid,Real Mallorca,1,2
2007-2008,Real Madrid,Real Zaragoza,2,0
2007-2008,Real Madrid,Alicante,2,1
2007-2008,Real Madrid,Barcelona,1,0
2007-2008,Real Madrid,Alicante,1,1
2007-2008,Real Madrid,Osasuna,2,0
2007-2008,Real Madrid,Lazio,3,1
2007-2008,Real Madrid,Athletic Bilbao,1,0
2007-2008,Real Madrid,Racing Santander,3,1
2007-2008,Real Madrid,Werder Bremen,2,3
2007-2008,Real Madrid,Murcia,1,1
2007-2008,Real Madrid,Real Mallorca,4,3
2007-2008,Real Madrid,Olympiakos FC,0,0
2007-2008,Real Madrid,Sevilla,0,2
2007-2008,Real Madrid,Valencia,5,1
2007-2008,Real Madrid,Deportivo La Coruna,3,1
2007-2008,Real Madrid,Olympiakos FC,4,2
2007-2008,Real Madrid,Espanyol,1,2
2007-2008,Real Madrid,Recreativo Huelva,2,0
2007-2008,Real Madrid,Lazio,2,2
2007-2008,Real Madrid,Getafe,1,0
2007-2008,Real Madrid,Real Betis,2,0
2007-2008,Real Madrid,Real Valladolid,1,1
2007-2008,Real Madrid,Werder Bremen,2,1
2007-2008,Real Madrid,Almeria,3,1
2007-2008,Real Madrid,Villarreal,5,0
2007-2008,Real Madrid,Atletico Madrid,2,1
2006-2007,Real Madrid,Real Mallorca,3,1
2006-2007,Real Madrid,Real Zaragoza,2,2
2006-2007,Real Madrid,Deportivo La Coruna,3,1
2006-2007,Real Madrid,Recreativo Huelva,3,2
2006-2007,Real Madrid,Espanyol,4,3
2006-2007,Real Madrid,Sevilla,3,2
2006-2007,Real Madrid,Athletic Bilbao,4,1
2006-2007,Real Madrid,Valencia,2,1
2006-2007,Real Madrid,Racing Santander,1,2
2006-2007,Real Madrid,Osasuna,2,0
2006-2007,Real Madrid,Celta Vigo,2,1
2006-2007,Real Madrid,Gimnastic,2,0
2006-2007,Real Madrid,Barcelona,3,3
2006-2007,Real Madrid,Bayern Munich,1,2
2006-2007,Real Madrid,Getafe,1,1
2006-2007,Real Madrid,Atletico Madrid,1,1
2006-2007,Real Madrid,Bayern Munich,3,2
2006-2007,Real Madrid,Real Betis,0,0
2006-2007,Real Madrid,Real Sociedad,2,1
2006-2007,Real Madrid,Levante,0,1
2006-2007,Real Madrid,Villarreal,0,1
2006-2007,Real Madrid,Real Mallorca,1,0
2006-2007,Real Madrid,Real Betis,1,1
2006-2007,Real Madrid,Real Zaragoza,1,0
2006-2007,Real Madrid,Real Betis,0,0
2006-2007,Real Madrid,Deportivo La Coruna,0,2
2006-2007,Real Madrid,Recreativo Huelva,0,3
2006-2007,Real Madrid,Espanyol,1,0
2006-2007,Real Madrid,Sevilla,1,2
2006-2007,Real Madrid,Dynamo Kiev,2,2
2006-2007,Real Madrid,Athletic Bilbao,2,1
2006-2007,Real Madrid,Valencia,1,0
2006-2007,Real Madrid,Lyon,2,2
2006-2007,Real Madrid,Racing Santander,3,1
2006-2007,Real Madrid,Osasuna,4,1
2006-2007,Real Madrid,Ecija,5,1
2006-2007,Real Madrid,Celta Vigo,1,2
2006-2007,Real Madrid,FC Steaua Bucuresti,1,0
2006-2007,Real Madrid,Gimnastic,3,1
2006-2007,Real Madrid,Barcelona,2,0
2006-2007,Real Madrid,FC Steaua Bucuresti,4,1
2006-2007,Real Madrid,Getafe,0,1
2006-2007,Real Madrid,Atletico Madrid,1,1
2006-2007,Real Madrid,Dynamo Kiev,5,1
2006-2007,Real Madrid,Real Betis,1,0
2006-2007,Real Madrid,Real Sociedad,2,0
2006-2007,Real Madrid,Lyon,0,2
2006-2007,Real Madrid,Levante,4,1
2006-2007,Real Madrid,Villarreal,0,0
2005-2006,Real Madrid,Sevilla,3,4
2005-2006,Real Madrid,Villarreal,3,3
2005-2006,Real Madrid,Racing Santander,3,2
2005-2006,Real Madrid,Osasuna,1,0
2005-2006,Real Madrid,Malaga,2,1
2005-2006,Real Madrid,Getafe,1,1
2005-2006,Real Madrid,Real Sociedad,1,1
2005-2006,Real Madrid,Barcelona,1,1
2005-2006,Real Madrid,Deportivo La Coruna,4,0
2005-2006,Real Madrid,Real Zaragoza,1,1
2005-2006,Real Madrid,Real Betis,0,0
2005-2006,Real Madrid,Valencia,0,0
2005-2006,Real Madrid,Arsenal,0,0
2005-2006,Real Madrid,Atletico Madrid,2,1
2005-2006,Real Madrid,Real Mallorca,1,2
2005-2006,Real Madrid,Arsenal,0,1
2005-2006,Real Madrid,Alaves,3,0
2005-2006,Real Madrid,Real Zaragoza,4,0
2005-2006,Real Madrid,Athletic Bilbao,2,0
2005-2006,Real Madrid,Real Zaragoza,1,6
2005-2006,Real Madrid,Espanyol,4,0
2005-2006,Real Madrid,Celta Vigo,2,1
2005-2006,Real Madrid,Real Betis,1,0
2005-2006,Real Madrid,Cadiz,3,1
2005-2006,Real Madrid,Real Betis,1,0
2005-2006,Real Madrid,Sevilla,4,2
2005-2006,Real Madrid,Athletic Bilbao,4,0
2005-2006,Real Madrid,Villarreal,0,0
2005-2006,Real Madrid,Athletic Bilbao,1,0
2005-2006,Real Madrid,Racing Santander,1,2
2005-2006,Real Madrid,Osasuna,1,1
2005-2006,Real Madrid,Malaga,2,0
2005-2006,Real Madrid,Olympiakos FC,1,2
2005-2006,Real Madrid,Getafe,1,0
2005-2006,Real Madrid,Real Sociedad,2,2
2005-2006,Real Madrid,Lyon,1,1
2005-2006,Real Madrid,Barcelona,0,3
2005-2006,Real Madrid,PSV Eindhoven,4,4
2005-2006,Real Madrid,Real Zaragoza,1,0
2005-2006,Real Madrid,Rosenborg,2,0
2005-2006,Real Madrid,Real Betis,2,0
2005-2006,Real Madrid,Deportivo La Coruna,1,3
2005-2006,Real Madrid,Valencia,1,2
2005-2006,Real Madrid,Rosenborg,4,1
2005-2006,Real Madrid,Atletico Madrid,3,0
2005-2006,Real Madrid,Real Mallorca,4,0
2005-2006,Real Madrid,Olympiakos FC,2,1
2005-2006,Real Madrid,Alaves,3,0
2005-2006,Real Madrid,Athletic Bilbao,3,1
2005-2006,Real Madrid,Espanyol,0,1
2005-2006,Real Madrid,Lyon,0,3
2005-2006,Real Madrid,Celta Vigo,2,3
2005-2006,Real Madrid,Cadiz,2,1
2004-2005,Real Madrid,Real Zaragoza,3,1
2004-2005,Real Madrid,Atletico Madrid,0,0
2004-2005,Real Madrid,Sevilla,2,2
2004-2005,Real Madrid,Racing Santander,5,0
2004-2005,Real Madrid,Real Sociedad,2,0
2004-2005,Real Madrid,Villarreal,2,1
2004-2005,Real Madrid,Levante,2,0
2004-2005,Real Madrid,Barcelona,4,2
2004-2005,Real Madrid,Albacete,2,1
2004-2005,Real Madrid,Malaga,1,0
2004-2005,Real Madrid,Getafe,1,2
2004-2005,Real Madrid,Juventus,0,2
2004-2005,Real Madrid,Valencia,1,1
2004-2005,Real Madrid,Real Betis,3,1
2004-2005,Real Madrid,Deportivo La Coruna,0,2
2004-2005,Real Madrid,Juventus,1,0
2004-2005,Real Madrid,Athletic Bilbao,0,2
2004-2005,Real Madrid,Osasuna,2,1
2004-2005,Real Madrid,Espanyol,4,0
2004-2005,Real Madrid,Numancia,2,1
2004-2005,Real Madrid,Real Mallorca,3,1
2004-2005,Real Madrid,Real Zaragoza,3,1
2004-2005,Real Madrid,Atletico Madrid,3,0
2004-2005,Real Madrid,Real Sociedad,2,1
2004-2005,Real Madrid,Sevilla,0,1
2004-2005,Real Madrid,Racing Santander,3,2
2004-2005,Real Madrid,Roma,3,0
2004-2005,Real Madrid,Villarreal,0,0
2004-2005,Real Madrid,Levante,5,0
2004-2005,Real Madrid,Bayer Leverkusen,1,1
2004-2005,Real Madrid,Barcelona,0,3
2004-2005,Real Madrid,Albacete,6,1
2004-2005,Real Madrid,Malaga,2,0
2004-2005,Real Madrid,Dynamo Kiev,2,2
2004-2005,Real Madrid,Getafe,2,0
2004-2005,Real Madrid,Valencia,1,0
2004-2005,Real Madrid,Dynamo Kiev,1,0
2004-2005,Real Madrid,Real Betis,1,1
2004-2005,Real Madrid,Deportivo La Coruna,0,1
2004-2005,Real Madrid,Roma,4,2
2004-2005,Real Madrid,Athletic Bilbao,1,2
2004-2005,Real Madrid,Osasuna,1,0
2004-2005,Real Madrid,Espanyol,0,1
2004-2005,Real Madrid,Bayer Leverkusen,0,3
2004-2005,Real Madrid,Numancia,1,0
2004-2005,Real Madrid,Real Mallorca,1,0
2004-2005,Real Madrid,Wisla Krakow,3,1
2004-2005,Real Madrid,Wisla Krakow,2,0
2003-2004,Real Madrid,Real Sociedad,1,4
2003-2004,Real Madrid,Murcia,1,2
2003-2004,Real Madrid,Real Mallorca,2,3
2003-2004,Real Madrid,Deportivo La Coruna,0,2
2003-2004,Real Madrid,Barcelona,1,2
2003-2004,Real Madrid,Atletico Madrid,2,1
2003-2004,Real Madrid,Osasuna,0,3
2003-2004,Real Madrid,Monaco,1,3
2003-2004,Real Madrid,Albacete,2,1
2003-2004,Real Madrid,Sevilla,5,1
2003-2004,Real Madrid,Athletic Bilbao,2,4
2003-2004,Real Madrid,Real Zaragoza,2,3
2003-2004,Real Madrid,Real Zaragoza,1,1
2003-2004,Real Madrid,Bayern Munich,1,0
2003-2004,Real Madrid,Racing Santander,1,1
2003-2004,Real Madrid,Celta Vigo,4,2
2003-2004,Real Madrid,Bayern Munich,1,1
2003-2004,Real Madrid,Espanyol,4,2
2003-2004,Real Madrid,Valencia,1,1
2003-2004,Real Madrid,Sevilla,0,1
2003-2004,Real Madrid,Malaga,2,1
2003-2004,Real Madrid,Sevilla,2,0
2003-2004,Real Madrid,Real Valladolid,3,2
2003-2004,Real Madrid,Valencia,2,1
2003-2004,Real Madrid,Villarreal,2,1
2003-2004,Real Madrid,Valencia,3,0
2003-2004,Real Madrid,Real Betis,1,1
2003-2004,Real Madrid,Eibar,2,0
2003-2004,Real Madrid,Real Sociedad,0,1
2003-2004,Real Madrid,Eibar,1,1
2003-2004,Real Madrid,Murcia,1,0
2003-2004,Real Madrid,Real Mallorca,3,1
2003-2004,Real Madrid,Leganes,4,3
2003-2004,Real Madrid,Deportivo La Coruna,2,1
2003-2004,Real Madrid,FC Porto,1,1
2003-2004,Real Madrid,Barcelona,2,1
2003-2004,Real Madrid,Atletico Madrid,2,0
2003-2004,Real Madrid,Osasuna,1,1
2003-2004,Real Madrid,Marseille,2,1
2003-2004,Real Madrid,Albacete,2,1
2003-2004,Real Madrid,Sevilla,1,4
2003-2004,Real Madrid,Partizan Belgrade,0,0
2003-2004,Real Madrid,Athletic Bilbao,3,0
2003-2004,Real Madrid,Real Zaragoza,0,0
2003-2004,Real Madrid,Racing Santander,3,1
2003-2004,Real Madrid,Partizan Belgrade,1,0
2003-2004,Real Madrid,Celta Vigo,2,0
2003-2004,Real Madrid,S.S. Reyes,3,0
2003-2004,Real Madrid,Espanyol,2,1
2003-2004,Real Madrid,FC Porto,3,1
2003-2004,Real Madrid,Valencia,0,2
2003-2004,Real Madrid,Malaga,3,1
2003-2004,Real Madrid,Marseille,4,2
2003-2004,Real Madrid,Real Valladolid,7,2
2003-2004,Real Madrid,Villarreal,1,1
2003-2004,Real Madrid,Real Betis,2,1
2002-2003,Real Madrid,Athletic Bilbao,3,1
2002-2003,Real Madrid,Celta Vigo,1,1
2002-2003,Real Madrid,Valencia,2,1
2002-2003,Real Madrid,Malaga,5,1
2002-2003,Real Madrid,Juventus,1,3
2002-2003,Real Madrid,Recreativo Huelva,0,0
2002-2003,Real Madrid,Juventus,2,1
2002-2003,Real Madrid,Real Mallorca,0,0
2002-2003,Real Madrid,Real Mallorca,1,5
2002-2003,Real Madrid,Sevilla,3,1
2002-2003,Real Madrid,Manchester United,3,4
2002-2003,Real Madrid,Barcelona,1,1
2002-2003,Real Madrid,Real Sociedad,2,4
2002-2003,Real Madrid,Manchester United,3,1
2002-2003,Real Madrid,Rayo Vallecano,3,1
2002-2003,Real Madrid,Deportivo La Coruna,2,0
2002-2003,Real Madrid,Villarreal,1,0
2002-2003,Real Madrid,Racing Santander,4,1
2002-2003,Real Madrid,Alaves,5,1
2002-2003,Real Madrid,Real Valladolid,3,1
2002-2003,Real Madrid,Osasuna,0,1
2002-2003,Real Madrid,Real Betis,4,1
2002-2003,Real Madrid,Espanyol,2,2
2002-2003,Real Madrid,Athletic Bilbao,1,1
2002-2003,Real Madrid,Celta Vigo,1,0
2002-2003,Real Madrid,Valencia,4,1
2002-2003,Real Madrid,Sevilla,3,0
2002-2003,Real Madrid,Malaga,3,2
2002-2003,Real Madrid,NEC Nijmegen,0,0
2002-2003,Real Madrid,Recreativo Huelva,4,2
2002-2003,Real Madrid,Real Mallorca,5,1
2002-2003,Real Madrid,Barcelona,0,0
2002-2003,Real Madrid,Real Sociedad,0,0
2002-2003,Real Madrid,Racing Genk,1,1
2002-2003,Real Madrid,Rayo Vallecano,3,2
2002-2003,Real Madrid,Deportivo La Coruna,0,0
2002-2003,Real Madrid,Roma,0,1
2002-2003,Real Madrid,Villarreal,1,1
2002-2003,Real Madrid,AEK Athens (Grk),2,2
2002-2003,Real Madrid,Racing Santander,0,2
2002-2003,Real Madrid,Real Betis,1,1
2002-2003,Real Madrid,Alaves,5,2
2002-2003,Real Madrid,AEK Athens (Grk),3,3
2002-2003,Real Madrid,Genk,6,0
2002-2003,Real Madrid,Osasuna,4,1
2002-2003,Real Madrid,Roma,3,0
2002-2003,Real Madrid,Espanyol,2,0
2002-2003,Real Madrid,Liverpool,2,0
2001-2002,Real Madrid,Bayer Leverkusen,2,1
2001-2002,Real Madrid,Deportivo La Coruna,0,3
2001-2002,Real Madrid,Real Mallorca,0,0
2001-2002,Real Madrid,Barcelona,1,1
2001-2002,Real Madrid,Real Sociedad,0,3
2001-2002,Real Madrid,Barcelona,2,0
2001-2002,Real Madrid,Tenerife,4,1
2001-2002,Real Madrid,Osasuna,1,3
2001-2002,Real Madrid,Bayern Munich,2,0
2001-2002,Real Madrid,Rayo Vallecano,3,1
2001-2002,Real Madrid,Bayern Munich,1,2
2001-2002,Real Madrid,Sevilla,1,0
2001-2002,Real Madrid,Real Zaragoza,3,1
2001-2002,Real Madrid,Barcelona,1,1
2001-2002,Real Madrid,Villarreal,3,0
2001-2002,Real Madrid,Deportivo La Coruna,1,2
2001-2002,Real Madrid,Celta Vigo,1,0
2001-2002,Real Madrid,Alaves,3,1
2001-2002,Real Madrid,Athletic Bilbao,1,2
2001-2002,Real Madrid,Las Palmas,7,0
2001-2002,Real Madrid,Real Valladolid,1,2
2001-2002,Real Madrid,Espanyol,1,2
2001-2002,Real Madrid,Real Betis,1,1
2001-2002,Real Madrid,Malaga,1,1
2001-2002,Real Madrid,Valencia,1,0
2001-2002,Real Madrid,Deportivo La Coruna,3,1
2001-2002,Real Madrid,Real Mallorca,1,1
2001-2002,Real Madrid,Real Sociedad,3,1
2001-2002,Real Madrid,Tenerife,2,0
2001-2002,Real Madrid,Osasuna,2,1
2001-2002,Real Madrid,Rayo Vallecano,3,0
2001-2002,Real Madrid,Sevilla,2,1
2001-2002,Real Madrid,Real Zaragoza,1,2
2001-2002,Real Madrid,Barcelona,2,0
2001-2002,Real Madrid,Lokomotiv Moscow,0,2
2001-2002,Real Madrid,Villarreal,3,2
2001-2002,Real Madrid,PSV Eindhoven,0,2
2001-2002,Real Madrid,Roma,1,1
2001-2002,Real Madrid,Celta Vigo,1,1
2001-2002,Real Madrid,Anderlecht,2,0
2001-2002,Real Madrid,Alaves,0,0
2001-2002,Real Madrid,Athletic Bilbao,2,0
2001-2002,Real Madrid,Las Palmas,2,4
2001-2002,Real Madrid,Real Valladolid,2,2
2001-2002,Real Madrid,Anderlecht,4,1
2001-2002,Real Madrid,Espanyol,5,1
2001-2002,Real Madrid,Lokomotiv Moscow,4,0
2001-2002,Real Madrid,Real Betis,1,3
2001-2002,Real Madrid,Roma,2,1
2001-2002,Real Madrid,Malaga,1,1
2001-2002,Real Madrid,Valencia,0,1
2000-2001,Real Madrid,Real Valladolid,2,1
2000-2001,Real Madrid,Real Oviedo,1,1
2000-2001,Real Madrid,Alaves,5,0
2000-2001,Real Madrid,Rayo Vallecano,1,0
2000-2001,Real Madrid,Espanyol,2,2
2000-2001,Real Madrid,Bayern Munich,1,2
2000-2001,Real Madrid,Celta Vigo,0,3
2000-2001,Real Madrid,Bayern Munich,0,1
2000-2001,Real Madrid,Osasuna,1,1
2000-2001,Real Madrid,Real Zaragoza,3,2
2000-2001,Real Madrid,Galatasaray,3,0
2000-2001,Real Madrid,Villarreal,4,0
2000-2001,Real Madrid,Las Palmas,1,0
2000-2001,Real Madrid,Galatasaray,2,3
2000-2001,Real Madrid,Numancia,1,0
2000-2001,Real Madrid,Real Mallorca,0,1
2000-2001,Real Madrid,Real Sociedad,4,0
2000-2001,Real Madrid,Barcelona,2,2
2000-2001,Real Madrid,Deportivo La Coruna,2,2
2000-2001,Real Madrid,Standard Liege,1,0
2000-2001,Real Madrid,Athletic Bilbao,0,1
2000-2001,Real Madrid,Malaga,4,3
2000-2001,Real Madrid,Valencia,1,0
2000-2001,Real Madrid,Real Zaragoza,3,0
2000-2001,Real Madrid,Real Valladolid,2,2
2000-2001,Real Madrid,Real Oviedo,4,0
2000-2001,Real Madrid,Alaves,3,1
2000-2001,Real Madrid,Rayo Vallecano,3,1
2000-2001,Real Madrid,Espanyol,2,1
2000-2001,Real Madrid,Celta Vigo,3,0
2000-2001,Real Madrid,Osasuna,3,2
2000-2001,Real Madrid,Villarreal,1,0
2000-2001,Real Madrid,Las Palmas,5,1
2000-2001,Real Madrid,Numancia,1,3
2000-2001,Real Madrid,Real Mallorca,0,2
2000-2001,Real Madrid,Real Sociedad,4,1
2000-2001,Real Madrid,S Lisbon,4,0
2000-2001,Real Madrid,Barcelona,0,2
2000-2001,Real Madrid,Deportivo La Coruna,3,0
